<?xml version="1.0" encoding="UTF-8"?>
<config xmlns="http://www.knime.org/2008/09/XMLConfig" xmlns:xsi="http://www.w3.org/2001/XMLSchema-instance" xsi:schemaLocation="http://www.knime.org/2008/09/XMLConfig http://www.knime.org/XMLConfig_2008_09.xsd" key="spec.xml">
<entry key="spec_name" type="xstring" value="default"/>
<entry key="number_columns" type="xint" value="2"/>
<config key="column_spec_0">
<entry key="column_name" type="xstring" value="Col4"/>
<config key="element_names">
<entry key="array-size" type="xint" value="0"/>
</config>
<config key="column_type">
<entry key="cell_class" type="xstring" value="org.knime.core.data.def.StringCell"/>
</config>
<config key="column_domain">
<config key="possible_values">
<entry key="array-size" type="xint" value="0"/>
</config>
</config>
<config key="column_properties"/>
</config>
<config key="column_spec_1">
<entry key="column_name" type="xstring" value="BitVector"/>
<config key="element_names">
<entry key="array-size" type="xint" value="11"/>
<entry key="0" type="xstring" value="citrus fruit"/>
<entry key="1" type="xstring" value="semi-finished bread"/>
<entry key="2" type="xstring" value="margarine"/>
<entry key="3" type="xstring" value="ready soups"/>
<entry key="4" type="xstring" value="tropical fruit"/>
<entry key="5" type="xstring" value="yogurt"/>
<entry key="6" type="xstring" value="coffee"/>
<entry key="7" type="xstring" value="whole milk"/>
<entry key="8" type="xstring" value="pip fruit"/>
<entry key="9" type="xstring" value="cream cheese"/>
<entry key="10" type="xstring" value="meat spreads"/>
</config>
<config key="column_type">
<entry key="cell_class" type="xstring" value="org.knime.core.data.vector.bitvector.DenseBitVectorCell"/>
</config>
<config key="column_domain"/>
<config key="column_properties"/>
</config>
</config>
