<?xml version="1.0" encoding="UTF-8"?>
<config xmlns="http://www.knime.org/2008/09/XMLConfig" xmlns:xsi="http://www.w3.org/2001/XMLSchema-instance" xsi:schemaLocation="http://www.knime.org/2008/09/XMLConfig http://www.knime.org/XMLConfig_2008_09.xsd" key="preprocessing">
<config key="preprocColumns">
<entry key="array-size" type="xint" value="11"/>
<entry key="0" type="xstring" value="age"/>
<entry key="1" type="xstring" value="sex"/>
<entry key="2" type="xstring" value="region"/>
<entry key="3" type="xstring" value="income"/>
<entry key="4" type="xstring" value="married"/>
<entry key="5" type="xstring" value="children"/>
<entry key="6" type="xstring" value="car"/>
<entry key="7" type="xstring" value="save_act"/>
<entry key="8" type="xstring" value="current_act"/>
<entry key="9" type="xstring" value="mortgage"/>
<entry key="10" type="xstring" value="pep"/>
</config>
</config>
